"First Name","Last Name"
"Sienna","Tucker"
"Charlie","Martin"
"Anna","Hunt"
"Daryl","Spencer"
"Miller","Scott"
"David","Alexander"
"Cherry","Alexander"
"Annabella","Tucker"
"Aston","Brooks"
"Martin","Morrison"
"Max","Myers"
"Adrian","Gibson"
"Haris","West"
"Honey","Mitchell"
"Marcus","Alexander"
"Preston","Morrison"
"Tony","Walker"
"Freddie","Roberts"
"Victor","Carroll"
"Carl","Myers"
"Amelia","Holmes"
"Martin","West"
"Paige","Rogers"
"Mary","Tucker"
"Sabrina","Higgins"
"Alen","Crawford"
"Tiana","Wilson"
"Ashton","Ferguson"
"Ned","Fowler"
"Ashton","Harrison"
"Jack","Morris"
"Tiana","Moore"
"Abraham","Chapman"
"Isabella","Holmes"
"Charlie","Moore"
"Albert","Crawford"
"Maria","Holmes"
"Harold","Martin"
"Lucy","Hall"
"Lucas","Murray"
"Kate","Myers"
"Lenny","Anderson"
"Ned","Hall"
"Fiona","Douglas"
"Tara","Stevens"
"Chloe","Barnes"
"Darcy","Richardson"
"Heather","Holmes"
"Dale","Bailey"
"Vivian","Walker"
"Maddie","Evans"
"Patrick","Cole"
"Sam","Roberts"
"Rubie","Edwards"
"Adrian","Myers"
"Michael","Montgomery"
"Eleanor","Cunningham"
"John","Elliott"
"Lyndon","Chapman"
"Edward","Wilson"
"Brooke","Phillips"
"Albert","Harris"
"Briony","Russell"
"Florrie","Warren"
"Clark","Jones"
"Blake","Grant"
"Ryan","Tucker"
"Jenna","Barrett"
"Anna","Parker"
"Edgar","Barnes"
"Jessica","Douglas"
"Elian","Henderson"
"Andrew","Bennett"
"Natalie","Dixon"
"Abraham","Alexander"
"Max","Mason"
"Ashton","Walker"
"Maya","Hunt"
"Julian","Craig"
"Annabella","Kelly"
"Paige","Montgomery"
"John","Johnson"
"Patrick","Allen"
"Audrey","Fowler"
"Brooke","Nelson"
"Steven","Taylor"
"Tiana","Kelly"
"Belinda","Casey"
"Andrew","Carroll"
"Michael","Cameron"
"Amelia","Douglas"
"Mike","Cole"
"Brianna","Robinson"
"Walter","Watson"
"Harold","Gibson"
"Amber","Mason"
"George","Gray"
"Michelle","Andrews"
"Maddie","Hawkins"
"Elise","Alexander"
"Adele","Gray"
"Nicole","Alexander"
"Mary","Adams"
"Dainton","Moore"
"Edward","Robinson"
"Myra","Payne"
"Eddy","Thomas"
"Violet","Hall"
"Edgar","Chapman"
"Lucia","Reed"
"Melanie","Williams"
"Sydney","Kelley"
"Frederick","Williams"
"Sophia","Walker"
"Vanessa","Smith"
"Spike","Anderson"
"Robert","Murray"
"April","Brooks"
"Lenny","Stevens"
"Aston","Owens"
"Lenny","Hill"
"Ashton","Hunt"
"Elise","Wright"
"Dale","Harper"
"Steven","Perry"
"Melissa","Holmes"
"Steven","Scott"
"Marcus","Roberts"
"Thomas","Murphy"
"Darcy","Carroll"
"Sabrina","Douglas"
"Naomi","Miller"
"Carlos","Parker"
"Sydney","Parker"
"Isabella","Farrell"
"Frederick","Morgan"
"Daryl","Gray"
"Kelvin","Henderson"
"Natalie","Spencer"
"Melanie","Smith"
"William","Richards"
"John","Payne"
"Nicholas","Smith"
"Steven","Edwards"
"Miley","Anderson"
"Rebecca","Ross"
"James","Grant"
"Miranda","Cameron"
"Carl","Jones"
"Charlotte","Harris"
"Maya","Brown"
"Nicole","Thomas"
"Roman","Barnes"
"Daryl","Harper"
"Samantha","Wright"
"Freddie","Evans"
"Maria","Ross"
"Kimberly","Craig"
"David","Kelley"
"John","Spencer"
"Bruce","Cameron"
"Adelaide","Tucker"
"Tess","Casey"
"Nicholas","Miller"
"Miley","Thompson"
"Alen","Montgomery"
"Alfred","Clark"
"Oliver","Farrell"
"Kate","Wilson"
"Adison","Murray"
"Evelyn","Grant"
"Miller","Crawford"
"Oliver","Andrews"
"Edith","Hall"
"Charlie","Richardson"
"Anna","Hall"
"Alexander","Wright"
"Marcus","Barrett"
"Daisy","Barnes"
"Jenna","Harper"
"Ryan","Martin"
"Wilson","Ross"
"Arnold","Cooper"
"Sawyer","Wright"
"Alen","Henderson"
"Alexander","Allen"
"Julia","West"
"Melanie","Lloyd"
"Adele","Montgomery"
"Cherry","Hawkins"
"Freddie","Russell"
"Tess","Sullivan"
"Tiana","Howard"
"Kate","Taylor"
"Martin","Gray"
"Cherry","Barnes"
"Kimberly","Warren"
"Lily","Clark"
"Gianna","Clark"
"Chester","Gray"
"Ryan","Payne"
"Mike","Walker"
"Heather","Smith"
"Lyndon","Gibson"
"Arnold","Gibson"
"Garry","Jones"
"Anna","Alexander"
"Elian","Warren"
"Adelaide","Taylor"
"Jack","Lloyd"
"James","Hill"
"Mike","Smith"
"Alissa","Bailey"
"Abraham","Jones"
"Nicole","Dixon"
"Tess","Armstrong"
"Alford","Bailey"
"Oscar","Morris"
"Frederick","Holmes"
"Paige","Higgins"
"Blake","Perry"
"Edith","Perkins"
"Kristian","Wilson"
"Kevin","Wilson"
"Rubie","Owens"
"Byron","Morgan"
"Kristian","Williams"
"Amelia","Henderson"
"Mike","Miller"
"James","Cooper"
"Sydney","Wilson"
"Vanessa","Bailey"
"Dexter","Douglas"
"Mike","Foster"
"Haris","Carroll"
"Fiona","Fowler"
"Owen","Alexander"
"Victor","Martin"
"Violet","Spencer"
"Kimberly","Miller"
"Thomas","Hill"
"Lucy","Riley"
"Alexia","Murphy"
"Maya","Sullivan"
"Aston","Cunningham"
"Charlotte","Smith"
"Steven","Gibson"
"Lucia","Brooks"
"Adison","Harris"
"Edwin","Roberts"
"Hailey","Robinson"
"Rosie","Barnes"
"Brad","Stevens"
"Agata","Payne"
"Valeria","Henderson"
"Eddy","Walker"
"Violet","Payne"
"Sarah","Carter"
"Alisa","Bennett"
"Brooke","Hawkins"
"Ryan","Tucker"
"David","Myers"
"Walter","Harrison"
"Alina","Carroll"
"Harold","Hunt"
"Alan","Perkins"
"Kelsey","Craig"
"Antony","Higgins"
"Preston","Henderson"
"Melanie","Chapman"
"Sydney","Cunningham"
"Savana","Baker"
"Catherine","Morrison"
"William","Miller"
"Edgar","Myers"
"Dexter","Morris"
"Julian","Morgan"
"Edgar","Andrews"
"Jessica","Allen"
"Florrie","Hall"
"Jack","Anderson"
"Edwin","Bennett"
"Myra","Ryan"
"Aldus","Adams"
"Charlotte","Henderson"
"Briony","Parker"
"Victor","Roberts"
"Tess","Crawford"
"Maximilian","Armstrong"
"George","Scott"
"Emily","Baker"
"Alina","Reed"
"Audrey","Casey"
"Tiana","West"
"John","Kelley"
"Dominik","Elliott"
"George","Cameron"
"Adrianna","Grant"
"Victoria","Wilson"
"Victoria","Alexander"
"Valeria","Richards"
"Vincent","Phillips"
"Honey","Armstrong"
"Kristian","Brown"
"Julian","Robinson"
"Brooke","Spencer"
"Preston","Hall"
"Brianna","Adams"
"Henry","Sullivan"
"Valeria","Kelly"
"Chelsea","Anderson"
"Caroline","Edwards"
"George","Phillips"
"Aldus","Elliott"
"Naomi","Allen"
"Lydia","Mason"
"Penelope","Douglas"
"Maya","Brooks"
"Kellan","Hunt"
"Charlie","Dixon"
"Rubie","Cole"
"Maximilian","Elliott"
"Alford","Robinson"
"Sabrina","Hall"
"Victor","Elliott"
"Reid","Owens"
"Clark","Dixon"
"Heather","Ross"
"Ashton","Cole"
"Eric","Cole"
"Cadie","Dixon"
"Natalie","Holmes"
"Tiana","Walker"
"Kellan","Ryan"
"Catherine","Mason"
"Kimberly","Stevens"
"Dale","Johnson"
"Mary","Smith"
"Daniel","Tucker"
"Sydney","Clark"
"Belinda","Spencer"
"Elian","Edwards"
"Carina","Spencer"
"Ned","Taylor"
"Darcy","Riley"
"Ellia","Thompson"
"Kristian","Henderson"
"Tony","Jones"
"Ted","Watson"
"Sienna","Cunningham"
"Kimberly","Farrell"
"Jenna","Riley"
"Alen","Mason"
"Brianna","Watson"
"Vanessa","Warren"
"Tyler","Nelson"
"Belinda","Howard"
"Michael","Stewart"
"Ashton","Harper"
"Harold","Tucker"
"Daisy","Lloyd"
"Ted","Ellis"
"Alissa","Gibson"
"Frederick","Johnson"
"Natalie","Lloyd"
"Jasmine","Hall"
"Clark","Miller"
"Ellia","Harris"
"Henry","Kelley"
"George","Harrison"
"Lydia","Harper"
"Nicole","Andrews"
"Maximilian","Harper"
"Kate","Harrison"
"Amber","Hall"
"Emma","Martin"
"Sam","Evans"
"Wilson","Casey"
"Elise","Rogers"
"Lenny","Farrell"
"Maria","Brown"
"Darcy","Brooks"
"Edith","Payne"
"Eleanor","Casey"
"Julia","Barnes"
"Emily","Carroll"
"Honey","Campbell"
"Amber","Stewart"
"Edwin","Hawkins"
"Victoria","Hamilton"
"Michelle","Mitchell"
"Adrian","Wells"
"Sarah","Holmes"
"Natalie","Farrell"
"Charlotte","Miller"
"Robert","Cameron"
"Haris","Harrison"
"Miranda","Spencer"
"Aldus","Johnson"
"Amanda","Mitchell"
"Victor","Warren"
"Abraham","Hawkins"
"Amanda","West"
"John","Warren"
"Adrianna","Chapman"
"Jordan","Riley"
"James","Harris"
"Amber","Watson"
"Lucas","Elliott"
"Jack","Ellis"
"Edith","Phillips"
"Robert","Allen"
"Lucas","Cunningham"
"Emma","Hall"
"Julian","Adams"
"Lilianna","Kelly"
"Vivian","Alexander"
"Connie","Perry"
"Ashton","Rogers"
"Derek","Armstrong"
"Frederick","Murray"
"James","Harrison"
"Lucy","Cameron"
"Edwin","Dixon"
"Byron","Cole"
"Andrew","Wilson"
"Adele","Thompson"
"Oscar","Craig"
"Evelyn","Evans"
"Elise","Lloyd"
"Albert","Brown"
"Tara","Taylor"
"Aston","Tucker"
"Jack","Carter"
"Kristian","West"
"Tiana","Hunt"
"Chester","Gibson"
"Carl","Reed"
"Miranda","Parker"
"Sawyer","Murphy"
"Henry","Reed"
"Melissa","Johnson"
"Rafael","Campbell"
"Ned","Casey"
"Amelia","Williams"
"Tyler","Evans"
"Vanessa","Hawkins"
"Freddie","Spencer"
"Edith","Edwards"
"Kellan","Reed"
"Aldus","Bennett"
"Vanessa","Allen"
"Jared","Richards"
"Penelope","Grant"
"Tara","Evans"
"Kristian","Harrison"
"Ryan","Scott"
"Luke","Gray"
"Savana","Harper"
"Melissa","Kelley"
"Aida","Barnes"
"Adelaide","Warren"
"Vincent","Moore"
"Oscar","Anderson"
"John","Harper"
"Caroline","Riley"
"Edwin","Wells"
"Adele","Johnston"
"Alan","Adams"
"Agata","Cooper"
"Mary","Wells"
"Andrew","Armstrong"
"Arthur","Edwards"
"Rafael","Hill"
"Michelle","Casey"
"Vanessa","Martin"
"Miller","Mason"
"Ashton","Alexander"
"Natalie","Edwards"
"Kirsten","Adams"
"Adam","Johnston"
"Alexia","Mason"
"Sabrina","Barnes"
"Emily","Kelley"
"Leonardo","Jones"
"Vivian","Foster"
"Ellia","Richardson"
"Alberta","Stewart"
"Michelle","Kelly"
"Ted","Carroll"
"Oscar","Martin"
"Roman","Barrett"
"Alan","Harper"
"Henry","Farrell"
"Grace","Owens"
"Kellan","Stewart"
"Tyler","Armstrong"
"Carina","Hunt"
"Jessica","Ryan"
"April","Crawford"
"Olivia","Barnes"
"Carlos","Jones"
"Aida","Harrison"
"Alford","Owens"
"Amber","Montgomery"
"Maximilian","Bennett"
"George","Wilson"
"Kimberly","Higgins"
"Ryan","Hunt"
"Caroline","Wright"
"Rubie","Thompson"
"Michelle","Johnson"
"Oscar","Myers"
"Jacob","Adams"
"Charlotte","Perry"
"Dexter","Lloyd"
"Vanessa","Hall"
"Miller","Fowler"
"Chester","Brown"
"Alexander","Riley"
"Aida","Wells"
"Tess","Clark"
"Daisy","Stewart"
"Rosie","Richardson"
"Alisa","Parker"
"Lucia","Myers"
"Evelyn","Perry"
"Alissa","Riley"
"Steven","Andrews"
"Amelia","Scott"
"Thomas","Phillips"
"Lenny","Morrison"
"Blake","Hamilton"
"Wilson","Bennett"
"Alan","Montgomery"
"Kevin","Mitchell"
"Marcus","Edwards"
"Annabella","Harper"
"Ryan","Gibson"
"Mike","Hill"
"Vivian","Mitchell"
"Patrick","Stewart"
"Paige","Russell"
"Caroline","Roberts"
"Charlie","Thomas"
"Agata","Phillips"
"Sam","Allen"
"Aiden","Anderson"
"Nicholas","Montgomery"
"Dainton","Bailey"
"Alberta","Higgins"
"Sawyer","Hall"
"Jordan","Parker"
"Preston","Evans"
"Lenny","Miller"
"Derek","Holmes"
"Oliver","Crawford"
"Harold","Hall"
"Luke","Mason"
"Lilianna","Wells"
"Ashton","Farrell"
"Aiden","Harrison"
"Ryan","Anderson"
"Kellan","Murray"
"Sabrina","Perkins"
"Maria","Stewart"
"Arthur","Ferguson"
"Amy","Nelson"
"Chelsea","Morrison"
"Michael","Ellis"
"Cherry","Tucker"
"Aston","Richards"
"Justin","Fowler"
"Arnold","Kelley"
"Maria","Martin"
"Alexia","Morgan"
"Cherry","Anderson"
"Fenton","Harrison"
"Lucy","Gray"
"Aida","Grant"
"Vanessa","Gray"
"Belinda","Barnes"
"Roland","Higgins"
"Julian","Stewart"
"Penelope","Holmes"
"Carlos","Robinson"
"Joyce","Stevens"
"Ada","Adams"
"Edward","Grant"
"Briony","Hawkins"
"Tara","Barnes"
"Leonardo","Nelson"
"Amber","Payne"
"Rubie","Riley"
"Mike","Hamilton"
"Miranda","Wilson"
"Walter","Carter"
"Alexander","Howard"
"Olivia","Allen"
"Alisa","Fowler"
"Vincent","Cooper"
"Eddy","Casey"
"Myra","Scott"
"Byron","Kelly"
"Harold","Foster"
"Belinda","Foster"
"Adrianna","Cameron"
"Ryan","Smith"
"Daryl","Douglas"
"Adam","Chapman"
"Stuart","Douglas"
"Adelaide","Foster"
"Kelsey","Robinson"
"Miller","Owens"
"Brooke","Brown"
"Julian","Morris"
"Ryan","Roberts"
"Ned","Baker"
"Victoria","Foster"
"Frederick","Turner"
"Sawyer","Holmes"
"Jasmine","Alexander"
"Rosie","Wells"
"Carl","Watson"
"Adrian","Allen"
"Rebecca","Scott"
"Annabella","Elliott"
"Deanna","Johnson"
"Kimberly","Edwards"
"Maddie","Reed"
"Sydney","Gibson"
"James","Cameron"
"Ned","Bailey"
"Sofia","Farrell"
"James","Ross"
"Garry","Edwards"
"Freddie","Andrews"
"Jasmine","Hamilton"
"Tyler","Watson"
"Charlotte","Richardson"
"Hailey","Reed"
"Tess","Farrell"
"Harold","Cooper"
"Derek","Ross"
"Lily","Williams"
"Sophia","Mitchell"
"Spike","Cameron"
"Maximilian","Grant"
"William","Ryan"
"Sarah","Kelly"
"Jasmine","Moore"
"Myra","Taylor"
"Charlotte","Allen"
"Amy","Wright"
"Aiden","Scott"
"Byron","Sullivan"
"Maya","Robinson"
"Connie","Mason"
"Amelia","Anderson"
"Savana","Anderson"
"Kellan","Higgins"
"Audrey","Dixon"
"Grace","Wells"
"Tess","Barnes"
"Sawyer","Perkins"
"Eleanor","Carter"
"Amelia","Riley"
"Fiona","Harris"
"Ryan","Cunningham"
"Justin","Mason"
"Edith","Bailey"
"Chloe","Phillips"
"John","Armstrong"
"Preston","Edwards"
"Ashton","Wilson"
"Naomi","Barnes"
"Jacob","Casey"
"Cadie","Kelley"
"Daryl","Brooks"
"Victor","Hunt"
"Savana","Mason"
"Chelsea","Edwards"
"Sabrina","Rogers"
"Lana","Harrison"
"Sarah","Parker"
"Savana","Hill"
"Aldus","Cooper"
"Sophia","Turner"
"Honey","Smith"
"Michael","Richards"
"Walter","Campbell"
"Adelaide","Gray"
"Tony","Cole"
"Jasmine","Thomas"
"Agata","Chapman"
"Lydia","Riley"
"Amelia","Farrell"
"Alina","Parker"
"Alexander","Richards"
"Alfred","Ellis"
"Byron","Carroll"
"Rebecca","Howard"
"Melanie","Stewart"
"Isabella","Morris"
"Aida","Higgins"
"Penelope","Reed"
"Kevin","Parker"
"Tess","Elliott"
"Isabella","Kelly"
"Tyler","Myers"
"Tony","Stevens"
"Miley","Ellis"
"Richard","Mitchell"
"Olivia","Foster"
"Carl","Hill"
"Honey","Harrison"
"Alexia","Gray"
"Elise","Williams"
"Jacob","Myers"
"Vanessa","Tucker"
"Briony","Morgan"
"Kellan","Kelly"
"Julia","Foster"
"Edwin","Perry"
"Alissa","Adams"
"Justin","Kelly"
"Alford","Cole"
"Florrie","Harper"
"Lenny","Sullivan"
"Andrew","Warren"
"Oliver","Wilson"
"Jacob","Scott"
"Brad","Morris"
"Daisy","Ellis"
"Honey","Montgomery"
"Kellan","Carroll"
"Kelvin","Kelley"
"Lucia","Richardson"
"Elise","Smith"
"Aida","Holmes"
"Jasmine","Russell"
"Catherine","Turner"
"Richard","Alexander"
"Ryan","Moore"
"James","West"
"Roman","Wright"
"Amelia","Fowler"
"Richard","Tucker"
"Alexander","Thomas"
"Patrick","Edwards"
"Sophia","Sullivan"
"Catherine","Howard"
"Haris","Johnston"
"Melanie","Campbell"
"Kimberly","Stewart"
"Adelaide","Ellis"
"Agata","Henderson"
"Samantha","Bennett"
"Adam","Douglas"
"Rafael","Scott"
"Anna","Edwards"
"William","Warren"
"April","Foster"
"Thomas","Johnston"
"Steven","Craig"
"Sam","Mitchell"
"Maya","Turner"
"Freddie","Henderson"
"Walter","Murphy"
"Roman","Holmes"
"Maddie","Cooper"
"Maya","Ellis"
"Eric","Carter"
"Penelope","Mason"
"Michelle","Cameron"
"Alen","Warren"
"Sam","Cunningham"
"Violet","Wells"
"April","Morris"
"Miley","Riley"
"Amelia","Turner"
"Kelsey","Foster"
"Tess","Kelly"
"Tess","Hall"
"Miley","Perry"
"Alfred","Smith"
"Tess","Brown"
"Clark","Robinson"
"Luke","Hall"
"Paige","Reed"
"Mary","Brooks"
"John","Williams"
"James","Holmes"
"Alan","Casey"
"Savana","Craig"
"Chester","Wells"
"Lucas","Roberts"
"Chloe","Warren"
"Mike","Gibson"
"Charlotte","Barrett"
"Alissa","Bennett"
"Reid","Moore"
"Adele","Richards"
"Savana","Carroll"
"Eleanor","Murphy"
"Fiona","Owens"
"Kimberly","Robinson"
"Lyndon","Wilson"
"Stuart","Brooks"
"Edgar","Russell"
"Robert","Bailey"
"Lucas","Holmes"
"Ned","Barnes"
"Kate","Morgan"
"Sydney","Ross"
"Nicole","Henderson"
"Carl","Payne"
"Kelvin","Brown"
"Haris","Hamilton"
"Paul","Nelson"
"Tony","Lloyd"
"Anna","Scott"
"Brooke","Andrews"
"Edith","Richards"
"Rosie","Evans"
"Olivia","Montgomery"
"Charlotte","Davis"
"James","Davis"
"Savana","Watson"
"Gianna","Williams"
"Sienna","Clark"
"Alexander","Cameron"
"Paige","Davis"
"Spike","Murray"
"Natalie","Warren"
"Sienna","Campbell"
"Patrick","Russell"
"Dexter","Reed"
"Lucas","Davis"
"Myra","Cooper"
"Justin","Adams"
"Emma","Mitchell"
"Tyler","Taylor"
"Sarah","Chapman"
"Sarah","Evans"
"Evelyn","Gray"
"Miller","Casey"
"April","Lloyd"
"Paige","Wells"
"Catherine","Wilson"
"Carina","Myers"
"Edwin","Grant"
"Adison","Gibson"
"Alina","Andrews"
"Brianna","Thomas"
"Tess","Douglas"
"Martin","Carroll"
"Alina","Rogers"
"Penelope","Parker"
"Belinda","Rogers"
"Melissa","Carter"
"Paige","Foster"
"Marcus","Robinson"
"David","Taylor"
"Harold","Roberts"
"Sofia","Cameron"
"Lana","Nelson"
"Aiden","Harper"
"Adrian","Farrell"
"Richard","Adams"
"Dale","Hill"
"Stella","Walker"
"Andrew","Andrews"
"Lyndon","Williams"
"Leonardo","Turner"
"Sophia","Armstrong"
"Belinda","Brown"
"Abigail","Brown"
"Harold","Turner"
"Sophia","Craig"
"Edwin","Alexander"
"Sofia","Foster"
"Kirsten","Grant"
"Mary","Murray"
"Alina","Myers"
"Antony","Moore"
"Henry","Wright"
"Charlotte","Brown"
"Nicholas","Spencer"
"Tyler","Roberts"
"Ellia","Hall"
"Adele","Jones"
"Daryl","Mason"
"David","Lloyd"
"Aida","Perry"
"Camila","Owens"
"Ada","Brown"
"Alexander","Hall"
"Maria","Gibson"
"Lyndon","Martin"
"Honey","Davis"
"Robert","Stewart"
"Lucy","Douglas"
"Eleanor","Ellis"
"Brad","Williams"
"Maria","Morgan"
"Camila","Robinson"
"Kelvin","Clark"
"Julian","Rogers"
"Dexter","Allen"
"Garry","Nelson"
"Adrianna","Armstrong"
"Briony","Moore"
"Julia","Ferguson"
"Naomi","Campbell"
"Briony","Crawford"
"Eric","Campbell"
"Naomi","Hill"
"Melanie","Barrett"
"Valeria","Murray"
"Camila","Barnes"
"Lenny","Cunningham"
"Arianna","Johnson"
"Madaline","Johnston"
"Patrick","Farrell"
"Tyler","Alexander"
"Catherine","Wells"
"Vivian","Moore"
"Aiden","Evans"
"Aston","Lloyd"
"George","Hall"
"Henry","Ferguson"
"Miley","Walker"
"Fiona","Adams"
"Alen","Wells"
"Frederick","Hawkins"
"David","Thompson"
"Ryan","Hill"
"Maria","Thompson"
"Aston","Holmes"
"Lilianna","Williams"
"Sofia","Johnson"
"Andrew","Ross"
"Melanie","Harper"
"Michael","Brooks"
"Rosie","Perry"
"Belinda","Carroll"
"Richard","Allen"
"Lyndon","Spencer"
"Melanie","Harrison"
"Owen","Parker"
"Nicole","Wells"
"Grace","Carroll"
"Tiana","Morgan"
"Valeria","Holmes"
"Albert","Phillips"
"Annabella","Richards"
"Tony","Ferguson"
"John","Thompson"
"Naomi","Cunningham"
"Mike","Alexander"
"Eric","Turner"
"Sophia","Spencer"
"Martin","Miller"
"Naomi","Craig"
"Carl","Ross"
"Penelope","Henderson"
"Edgar","Turner"
"Patrick","Moore"
"Edith","Armstrong"
"Aldus","Murray"
"Miranda","Stewart"
"Jordan","Phillips"
"Wilson","Martin"
"Maddie","Ellis"
"Deanna","Crawford"
"Adelaide","Cooper"
"Ryan","Gray"
"Freddie","Murphy"
"Cherry","Reed"
"Alisa","Harrison"
"April","Campbell"
"Preston","Williams"
"Caroline","Farrell"
"Henry","Payne"
"Alan","Brown"
"Adrianna","Wells"
"Luke","Tucker"
"Aiden","Morrison"
"Victor","Cooper"
"Kate","Stevens"
"Cherry","Perkins"
"Spike","Payne"
"Kelvin","Dixon"
"Sam","Foster"
"Roman","Montgomery"
"Rafael","Higgins"
"Cherry","Harper"
"Maya","Bennett"
"Ashton","Davis"
